Direction (°),DUP_Group1CrossSection(a)_5kV_SE_HighVac_x500__6,DUP_Group1CrossSection(a)_5kV_SE_HighVac_x500__6-fit
-90.000000000,0.005485049,0.006390046
-87.977528090,0.005064326,0.006390129
-85.955056180,0.005504936,0.006390275
-83.932584270,0.005799048,0.006390526
-81.910112360,0.005538562,0.006390950
-79.887640449,0.005476936,0.006391659
-77.865168539,0.005386636,0.006392822
-75.842696629,0.005705750,0.006394702
-73.820224719,0.006319439,0.006397696
-71.797752809,0.005672216,0.006402390
-69.775280899,0.005854057,0.006409634
-67.752808989,0.006009505,0.006420641
-65.730337079,0.006173816,0.006437103
-63.707865169,0.006457199,0.006461340
-61.685393258,0.006365844,0.006496459
-59.662921348,0.006693635,0.006546540
-57.640449438,0.007045336,0.006616818
-55.617977528,0.007259560,0.006713852
-53.595505618,0.007429833,0.006845660
-51.573033708,0.007720411,0.007021775
-49.550561798,0.008146062,0.007253205
-47.528089888,0.008081245,0.007552242
-45.505617978,0.008448728,0.007932097
-43.483146067,0.009246260,0.008406322
-41.460674157,0.009695210,0.008988015
-39.438202247,0.010130240,0.009688810
-37.415730337,0.010584908,0.010517689
-35.393258427,0.011449297,0.011479685
-33.370786517,0.012659826,0.012574565
-31.348314607,0.013666228,0.013795627
-29.325842697,0.014937046,0.015128742
-27.303370787,0.017097253,0.016551796
-25.280898876,0.017518514,0.018034652
-23.258426966,0.019341245,0.019539739
-21.235955056,0.020094088,0.021023299
-19.213483146,0.020490785,0.022437299
-17.191011236,0.023452912,0.023731880
-15.168539326,0.024601993,0.024858218
-13.146067416,0.025560750,0.025771544
-11.123595506,0.025532346,0.026434089
-9.101123596,0.026149189,0.026817671
-7.078651685,0.028089406,0.026905682
-5.056179775,0.030428404,0.026694282
-3.033707865,0.027928004,0.026192676
-1.011235955,0.026908546,0.025422451
1.011235955,0.026952338,0.024416032
3.033707865,0.021993579,0.023214420
5.056179775,0.020253590,0.021864429
7.078651685,0.018511942,0.020415674
9.101123596,0.016473148,0.018917585
11.123595506,0.015427668,0.017416700
13.146067416,0.014794532,0.015954411
15.168539326,0.013781244,0.014565333
17.191011236,0.013029090,0.013276318
19.213483146,0.012538419,0.012106144
21.235955056,0.011630529,0.011065775
23.258426966,0.010668258,0.010159106
25.280898876,0.010229047,0.009384037
27.303370787,0.009937660,0.008733744
29.325842697,0.009705743,0.008197993
31.348314607,0.009437115,0.007764411
33.370786517,0.009332870,0.007419602
35.393258427,0.008556081,0.007150072
37.415730337,0.008406032,0.006942930
39.438202247,0.008024851,0.006786383
41.460674157,0.007971038,0.006670018
43.483146067,0.007579897,0.006584930
45.505617978,0.007764243,0.006523717
47.528089888,0.007543224,0.006480385
49.550561798,0.007075409,0.006450200
51.573033708,0.007027747,0.006429504
53.595505618,0.006764764,0.006415539
55.617977528,0.006532660,0.006406262
57.640449438,0.006245890,0.006400196
59.662921348,0.006232206,0.006396291
61.685393258,0.006011683,0.006393816
63.707865169,0.005996585,0.006392271
65.730337079,0.006591068,0.006391322
67.752808989,0.006678515,0.006390748
69.775280899,0.005744936,0.006390406
71.797752809,0.005495804,0.006390205
73.820224719,0.005464592,0.006390089
75.842696629,0.005653938,0.006390023
77.865168539,0.005588932,0.006389986
79.887640449,0.005832230,0.006389965
81.910112360,0.005715238,0.006389954
83.932584270,0.005696301,0.006389948
85.955056180,0.005179416,0.006389945
87.977528090,0.005244322,0.006389944
90.000000000,0.005485049,0.006389943
