Direction (°),Group1InsideCircumisYaxis_5kV_SE_HighVac_x500__0,Group1InsideCircumisYaxis_5kV_SE_HighVac_x500__0-fit
-90.000000000,0.006690881,0.007292302
-87.977528090,0.006911258,0.007296709
-85.955056180,0.006890728,0.007302572
-83.932584270,0.006944642,0.007310312
-81.910112360,0.006927167,0.007320447
-79.887640449,0.006877157,0.007333617
-77.865168539,0.006952629,0.007350594
-75.842696629,0.007087266,0.007372306
-73.820224719,0.007132602,0.007399851
-71.797752809,0.007247026,0.007434518
-69.775280899,0.007180313,0.007477796
-67.752808989,0.007335274,0.007531386
-65.730337079,0.007581771,0.007597206
-63.707865169,0.007789732,0.007677382
-61.685393258,0.008157097,0.007774237
-59.662921348,0.008194144,0.007890265
-57.640449438,0.008657052,0.008028091
-55.617977528,0.008469969,0.008190418
-53.595505618,0.008965435,0.008379958
-51.573033708,0.009141155,0.008599343
-49.550561798,0.009309541,0.008851034
-47.528089888,0.009562888,0.009137199
-45.505617978,0.010020773,0.009459594
-43.483146067,0.010191828,0.009819433
-41.460674157,0.010329046,0.010217253
-39.438202247,0.010796449,0.010652789
-37.415730337,0.011036158,0.011124855
-35.393258427,0.011409929,0.011631245
-33.370786517,0.011635440,0.012168659
-31.348314607,0.011993422,0.012732661
-29.325842697,0.012416202,0.013317674
-27.303370787,0.012731108,0.013917021
-25.280898876,0.013373364,0.014523009
-23.258426966,0.013945592,0.015127062
-21.235955056,0.014197392,0.015719901
-19.213483146,0.017125513,0.016291764
-17.191011236,0.017158452,0.016832661
-15.168539326,0.017104283,0.017332662
-13.146067416,0.017826537,0.017782191
-11.123595506,0.018943864,0.018172331
-9.101123596,0.019722801,0.018495117
-7.078651685,0.020631869,0.018743808
-5.056179775,0.019533170,0.018913115
-3.033707865,0.019855754,0.018999397
-1.011235955,0.020968914,0.019000780
1.011235955,0.020010755,0.018917237
3.033707865,0.018176639,0.018750578
5.056179775,0.018639539,0.018504391
7.078651685,0.018202699,0.018183912
9.101123596,0.016867062,0.017795840
11.123595506,0.015990988,0.017348105
13.146067416,0.015597199,0.016849595
15.168539326,0.015778444,0.016309871
17.191011236,0.014652916,0.015738857
19.213483146,0.013798394,0.015146544
21.235955056,0.013663152,0.014542706
23.258426966,0.013466806,0.013936642
25.280898876,0.013057016,0.013336953
27.303370787,0.011956541,0.012751364
29.325842697,0.012025833,0.012186586
31.348314607,0.011999716,0.011648232
33.370786517,0.011792951,0.011140776
35.393258427,0.011376547,0.010667555
37.415730337,0.010886174,0.010230809
39.438202247,0.010680260,0.009831755
41.460674157,0.010595745,0.009470687
43.483146067,0.010095196,0.009147092
45.505617978,0.009763001,0.008859775
47.528089888,0.009490078,0.008606997
49.550561798,0.009315170,0.008386600
51.573033708,0.009090584,0.008196132
53.595505618,0.008828669,0.008032963
55.617977528,0.008421043,0.007894384
57.640449438,0.008310488,0.007777690
59.662921348,0.008032525,0.007680252
61.685393258,0.007806218,0.007599572
63.707865169,0.007777508,0.007533321
65.730337079,0.007492351,0.007479365
67.752808989,0.007563357,0.007435780
69.775280899,0.007385385,0.007400858
71.797752809,0.007079414,0.007373103
73.820224719,0.006963129,0.007351220
75.842696629,0.006951842,0.007334104
77.865168539,0.006903173,0.007320824
79.887640449,0.006849313,0.007310600
81.910112360,0.006882735,0.007302792
83.932584270,0.006907928,0.007296875
85.955056180,0.006598103,0.007292426
87.977528090,0.006632942,0.007289107
90.000000000,0.006690881,0.007286650
