Direction (°),DUP_Group1InsideCircumisYaxis(2)_5kV_SE_HighVac_x500__2,DUP_Group1InsideCircumisYaxis(2)_5kV_SE_HighVac_x500__2-fit
-90.000000000,0.006410043,0.007116564
-87.977528090,0.006360421,0.007118070
-85.955056180,0.006748715,0.007120317
-83.932584270,0.006610582,0.007123629
-81.910112360,0.006478044,0.007128454
-79.887640449,0.006567335,0.007135400
-77.865168539,0.006518741,0.007145282
-75.842696629,0.006779234,0.007159171
-73.820224719,0.006808328,0.007178458
-71.797752809,0.006765531,0.007204921
-69.775280899,0.007055040,0.007240789
-67.752808989,0.007311927,0.007288813
-65.730337079,0.007445492,0.007352324
-63.707865169,0.007576179,0.007435280
-61.685393258,0.007752433,0.007542287
-59.662921348,0.007978897,0.007678588
-57.640449438,0.008180689,0.007850000
-55.617977528,0.008692453,0.008062810
-53.595505618,0.008786442,0.008323589
-51.573033708,0.009558727,0.008638952
-49.550561798,0.010056574,0.009015233
-47.528089888,0.010130439,0.009458103
-45.505617978,0.010606804,0.009972123
-43.483146067,0.011005118,0.010560263
-41.460674157,0.011453206,0.011223413
-39.438202247,0.011984448,0.011959908
-37.415730337,0.012375259,0.012765124
-35.393258427,0.012742436,0.013631168
-33.370786517,0.013344362,0.014546716
-31.348314607,0.013643527,0.015497027
-29.325842697,0.014599647,0.016464157
-27.303370787,0.015752390,0.017427397
-25.280898876,0.017500281,0.018363919
-23.258426966,0.018673340,0.019249619
-21.235955056,0.020596683,0.020060111
-19.213483146,0.023120830,0.020771828
-17.191011236,0.022303530,0.021363146
-15.168539326,0.022272063,0.021815477
-13.146067416,0.023569493,0.022114235
-11.123595506,0.024140848,0.022249615
-9.101123596,0.024416610,0.022217132
-7.078651685,0.023382349,0.022017865
-5.056179775,0.021648830,0.021658397
-3.033707865,0.021149604,0.021150457
-1.011235955,0.018782424,0.020510278
1.011235955,0.018101908,0.019757746
3.033707865,0.017372208,0.018915365
5.056179775,0.017099077,0.018007153
7.078651685,0.015832526,0.017057512
9.101123596,0.014753120,0.016090165
11.123595506,0.013644356,0.015127211
13.146067416,0.012789275,0.014188359
15.168539326,0.012681240,0.013290354
17.191011236,0.012746801,0.012446634
19.213483146,0.013037973,0.011667191
21.235955056,0.011899259,0.010958626
23.258426966,0.011790161,0.010324378
25.280898876,0.010953732,0.009765075
27.303370787,0.010488502,0.009278966
29.325842697,0.010314619,0.008862407
31.348314607,0.009844780,0.008510355
33.370786517,0.009576896,0.008216833
35.393258427,0.009210909,0.007975355
37.415730337,0.009091638,0.007779291
39.438202247,0.009134302,0.007622152
41.460674157,0.009043419,0.007497817
43.483146067,0.008961149,0.007400679
45.505617978,0.008203714,0.007325738
47.528089888,0.007733736,0.007268639
49.550561798,0.007476026,0.007225669
51.573033708,0.007320204,0.007193726
53.595505618,0.007207041,0.007170271
55.617977528,0.007057172,0.007153254
57.640449438,0.007174766,0.007141058
59.662921348,0.006931900,0.007132421
61.685393258,0.006696720,0.007126378
63.707865169,0.006477011,0.007122199
65.730337079,0.006574620,0.007119344
67.752808989,0.006578698,0.007117416
69.775280899,0.006619936,0.007116129
71.797752809,0.006356128,0.007115281
73.820224719,0.006385267,0.007114728
75.842696629,0.006257084,0.007114372
77.865168539,0.006742146,0.007114145
79.887640449,0.006254899,0.007114002
81.910112360,0.006083112,0.007113913
83.932584270,0.006537754,0.007113859
85.955056180,0.006452710,0.007113826
87.977528090,0.006465116,0.007113806
90.000000000,0.006410043,0.007113794
