 ,Area,Mean,Min,Max,Angle,Length
1,0.028,152.010,95.000,255.000,-92.386,0.805
2,0.034,155.328,95.000,231.276,-84.094,0.977
3,0.031,162.032,106.926,246.889,-87.879,0.905
4,0.033,157.326,127.000,187.776,-73.496,0.944
5,0.017,177.081,106.000,232.857,-77.905,0.480
6,0.017,156.070,123.000,184.857,-68.962,0.467
7,0.025,165.247,109.000,199.857,-70.710,0.710
8,0.030,163.467,132.231,204.000,-85.601,0.874
9,0.027,154.058,136.189,193.236,-118.811,0.765
10,0.035,106.649,65.000,139.400,3.814,1.008
11,0.026,139.837,108.000,172.132,-68.199,0.722
12,0.026,206.233,100.000,254.455,-79.695,0.749
13,0.027,165.070,122.112,239.306,43.264,0.782
14,0.016,168.286,136.000,199.000,-90.000,0.436
15,0.016,154.234,119.000,197.000,-63.435,0.450
16,0.022,175.395,131.000,245.789,-98.973,0.645
17,0.036,164.271,127.104,240.649,-112.479,1.052
18,0.038,142.449,98.000,173.758,-83.089,1.114
19,0.017,191.519,122.500,254.429,-85.914,0.470
20,0.020,175.921,100.000,215.858,-113.629,0.585
